[{"WTF":"yes","id":"3"},{"WTF":"yes"},{"name":"Evgeni2","id":"2bcgddn4kjn1on48"},{"name":"Evgeni","id":"2bcgdguwkjn2go1p","examDate":"2021-01-07T16:30:05.244Z","isFinised":false,"score":0,"randomQs":[{"duration":60,"text":"Sunt elit nisi consectetur officia Lorem cillum ea consectetur ullamco eu. Labore in occaecat est ad consequat non ipsum qui commodo. Sit incididunt nulla eiusmod et dolor id dolor in veniam eu.","answers":[{"text":"nostrud","isCorrect":false},{"text":"aliquip","isCorrect":true},{"text":"enim","isCorrect":false},{"text":"cillum","isCorrect":false}]},{"duration":60,"text":"Ex commodo minim Lorem aliqua ea pariatur id pariatur do commodo reprehenderit veniam. Et irure minim deserunt ad est. Quis nisi et dolore quis dolore est culpa.","answers":[{"text":"officia","isCorrect":false},{"text":"nulla","isCorrect":true},{"text":"non","isCorrect":false},{"text":"est","isCorrect":false}]},{"duration":180,"text":"Anim excepteur aute ipsum et ea pariatur elit ea velit magna mollit nisi magna officia. Exercitation laborum nostrud sint velit incididunt laborum elit velit exercitation fugiat magna do non fugiat. Adipisicing Lorem fugiat pariatur sit ea eiusmod mollit consequat irure pariatur. Et excepteur commodo incididunt sit in esse occaecat esse pariatur ad.","img":"https://demo-res.cloudinary.com/image/upload/sample.jpg","answers":[{"text":"eu","isCorrect":false},{"text":"commodo","isCorrect":true},{"text":"dolor","isCorrect":false},{"text":"aliquip","isCorrect":false}]},{"duration":60,"text":"Ex commodo minim Lorem aliqua ea pariatur id pariatur do commodo reprehenderit veniam. Et irure minim deserunt ad est. Quis nisi et dolore quis dolore est culpa.","answers":[{"text":"officia","isCorrect":false},{"text":"nulla","isCorrect":true},{"text":"non","isCorrect":false},{"text":"est","isCorrect":false}]},{"duration":60,"text":"Ex commodo minim Lorem aliqua ea pariatur id pariatur do commodo reprehenderit veniam. Et irure minim deserunt ad est. Quis nisi et dolore quis dolore est culpa.","answers":[{"text":"officia","isCorrect":false},{"text":"nulla","isCorrect":true},{"text":"non","isCorrect":false},{"text":"est","isCorrect":false}]}]},{"name":"Evgeni","id":"2bcgddwskjn2jjj3","examDate":"2021-01-07T16:32:19.358Z","isFinised":false,"score":0,"randomQs":[null,null,null,null,null]},{"name":"Evgeni","id":"2bcgdil4kjn2k56o","examDate":"2021-01-07T16:32:47.423Z","isFinised":false,"score":0,"randomQs":[{"duration":60,"text":"Excepteur qui duis labore exercitation aute amet fugiat reprehenderit aute aliquip. Dolore labore laborum laborum veniam aliquip qui ad irure in exercitation ipsum non labore. Exercitation incididunt ex ullamco aute laborum irure culpa. Irure qui qui enim elit ullamco.","answers":[{"text":"sit","isCorrect":false},{"text":"esse","isCorrect":true},{"text":"enim","isCorrect":false},{"text":"veniam","isCorrect":false}]},{"duration":120,"text":"Cillum veniam anim enim aliquip sit dolor do tempor nulla. Fugiat excepteur voluptate adipisicing occaecat voluptate sint ex sunt aute ipsum pariatur ad. Labore qui aliqua eu est commodo. Officia dolore consequat sunt esse sit reprehenderit proident qui consectetur ullamco elit est. Veniam dolor ullamco non laboris non.","img":"https://demo-res.cloudinary.com/image/upload/sample.jpg","answers":[{"text":"non","isCorrect":false},{"text":"do","isCorrect":true},{"text":"tempor","isCorrect":false},{"text":"incididunt","isCorrect":false}]},{"duration":60,"text":"Occaecat aliquip sit laborum adipisicing dolore. Excepteur nulla adipisicing velit dolor fugiat proident elit eu magna. Irure mollit laborum minim do. Ad enim occaecat deserunt adipisicing excepteur anim veniam nulla. Eiusmod in consectetur laboris in nulla proident ut mollit officia adipisicing occaecat sint incididunt. Elit nostrud ullamco exercitation elit irure dolor exercitation elit ullamco sint nostrud. Excepteur excepteur eu ex cillum quis cillum sunt consequat excepteur tempor reprehenderit commodo nulla.","answers":[{"text":"aliqua","isCorrect":false},{"text":"nisi","isCorrect":true},{"text":"mollit","isCorrect":false},{"text":"tempor","isCorrect":false}]},{"duration":180,"text":"Dolor reprehenderit nulla deserunt sint. Esse qui eiusmod proident id. Ex ea do voluptate laborum dolor velit nisi proident nisi do qui velit ut. Aliqua labore ad in sunt sit. Incididunt amet excepteur amet pariatur voluptate do consequat cupidatat exercitation eiusmod sint. Enim id elit aliqua quis aliqua minim ea. Tempor exercitation magna laborum voluptate veniam tempor duis id amet.","img":"https://demo-res.cloudinary.com/image/upload/sample.jpg","answers":[{"text":"eiusmod","isCorrect":false},{"text":"pariatur","isCorrect":true},{"text":"mollit","isCorrect":false},{"text":"nisi","isCorrect":false}]},{"duration":60,"text":"Laborum elit do anim in velit nostrud culpa do eu est reprehenderit. Aliqua magna ut eiusmod proident ullamco. Sint veniam in sit proident elit elit et nulla quis ut.","answers":[{"text":"fugiat","isCorrect":false},{"text":"adipisicing","isCorrect":true},{"text":"eiusmod","isCorrect":false},{"text":"fugiat","isCorrect":false}]}]},{"name":"Evgeni","id":"2bcgd1mskjn2m5gk","examDate":"2021-01-07T16:34:21.091Z","isFinised":false,"score":0,"randomQs":[{"duration":180,"text":"Cupidatat dolor dolore anim non. Proident veniam mollit culpa ullamco proident ea pariatur amet ipsum. Sint ex eiusmod sit anim nostrud irure et et reprehenderit occaecat deserunt labore velit. Velit commodo magna tempor tempor cillum amet excepteur. Culpa incididunt est nulla sint. Dolore Lorem sunt deserunt tempor adipisicing cillum cupidatat commodo enim nulla.","img":"https://demo-res.cloudinary.com/image/upload/sample.jpg","answers":[{"text":"ea","isCorrect":false},{"text":"Lorem","isCorrect":false},{"text":"adipisicing","isCorrect":false},{"text":"proident","isCorrect":false}]},{"duration":60,"text":"Occaecat aliquip sit laborum adipisicing dolore. Excepteur nulla adipisicing velit dolor fugiat proident elit eu magna. Irure mollit laborum minim do. Ad enim occaecat deserunt adipisicing excepteur anim veniam nulla. Eiusmod in consectetur laboris in nulla proident ut mollit officia adipisicing occaecat sint incididunt. Elit nostrud ullamco exercitation elit irure dolor exercitation elit ullamco sint nostrud. Excepteur excepteur eu ex cillum quis cillum sunt consequat excepteur tempor reprehenderit commodo nulla.","answers":[{"text":"aliqua","isCorrect":false},{"text":"nisi","isCorrect":false},{"text":"mollit","isCorrect":false},{"text":"tempor","isCorrect":false}]},{"duration":180,"text":"Dolor reprehenderit nulla deserunt sint. Esse qui eiusmod proident id. Ex ea do voluptate laborum dolor velit nisi proident nisi do qui velit ut. Aliqua labore ad in sunt sit. Incididunt amet excepteur amet pariatur voluptate do consequat cupidatat exercitation eiusmod sint. Enim id elit aliqua quis aliqua minim ea. Tempor exercitation magna laborum voluptate veniam tempor duis id amet.","img":"https://demo-res.cloudinary.com/image/upload/sample.jpg","answers":[{"text":"eiusmod","isCorrect":false},{"text":"pariatur","isCorrect":false},{"text":"mollit","isCorrect":false},{"text":"nisi","isCorrect":false}]},{"duration":180,"text":"Ut dolore ut amet velit laborum sunt exercitation velit et excepteur est. Ad ullamco velit officia nulla esse proident sint labore et. Id reprehenderit eu laboris cupidatat aute est do occaecat. Nulla pariatur aute culpa ullamco velit ullamco id ea voluptate enim in in pariatur.","answers":[{"text":"excepteur","isCorrect":false},{"text":"et","isCorrect":false},{"text":"sunt","isCorrect":false},{"text":"mollit","isCorrect":false}]},{"duration":120,"text":"Cillum veniam anim enim aliquip sit dolor do tempor nulla. Fugiat excepteur voluptate adipisicing occaecat voluptate sint ex sunt aute ipsum pariatur ad. Labore qui aliqua eu est commodo. Officia dolore consequat sunt esse sit reprehenderit proident qui consectetur ullamco elit est. Veniam dolor ullamco non laboris non.","img":"https://demo-res.cloudinary.com/image/upload/sample.jpg","answers":[{"text":"non","isCorrect":false},{"text":"do","isCorrect":false},{"text":"tempor","isCorrect":false},{"text":"incididunt","isCorrect":false}]}],"surName":"Gyurov"}]